Workbook

Sheet RESUMO 
A3: USINA SOLAR FOTOVOLTAICA
A4: CLIENTE | E4: RATEIO CADASTRADO
A6: Dados de Potência | E6: Unidades | F6: Unidade Consumidora | G6: Local | I6: Consumo Médio (kWh) | J6: Rateio pela média | K6: Rateio Cadastrado | L6: Média Energia Recebida | M6: Atendimento
A7: Potência kWp | B7: =B8*C8/1000 | E7: Geradora | I7: ='UC GERADORA'!L19 | J7: =B13-I7
A8: Número de Placas | E8: 1 | I8: ='UC BENEF. 1'!F17 | J8: =IFERROR(I8/$J$7,"") | L8: =K8*$J$7 | M8: =IFERROR(L8/I8,"")
A9: Inversores | E9: 2 | J9: =IFERROR(I9/$J$7,"") | L9: =K9*$J$7 | M9: =IFERROR(L9/I9,"")
E10: 3 | J10: =IFERROR(I10/$J$7,"") | L10: =K10*$J$7 | M10: =IFERROR(L10/I10,"")
A11: Dados de Geração (Report) | E11: 4 | J11: =IFERROR(I11/$J$7,"") | L11: =K11*$J$7 | M11: =IFERROR(L11/I11,"")
A12: Anual (E Grid) | B12: =SUM(B14:B25) | C12: kWh | E12: 5 | J12: =IFERROR(I12/$J$7,"") | L12: =K12*$J$7 | M12: =IFERROR(L12/I12,"")
A13: Média Mensal | B13: =B12/12 | E13: 6 | J13: =IFERROR(I13/$J$7,"") | L13: =K13*$J$7 | M13: =IFERROR(L13/I13,"")
A14: Jan | E14: 7 | J14: =IFERROR(I14/$J$7,"") | L14: =K14*$J$7 | M14: =IFERROR(L14/I14,"")
A15: Fev | E15: 8 | J15: =IFERROR(I15/$J$7,"") | L15: =K15*$J$7 | M15: =IFERROR(L15/I15,"")
A16: Mar | E16: 9 | J16: =IFERROR(I16/$J$7,"") | L16: =K16*$J$7 | M16: =IFERROR(L16/I16,"")
A17: Abr | E17: 10 | J17: =IFERROR(I17/$J$7,"") | L17: =K17*$J$7 | M17: =IFERROR(L17/I17,"")
A18: Mai | E18: 11 | J18: =IFERROR(I18/$J$7,"") | L18: =K18*$J$7 | M18: =IFERROR(L18/I18,"")
A19: Jun | E19: 12 | J19: =IFERROR(I19/$J$7,"") | L19: =K19*$J$7 | M19: =IFERROR(L19/I19,"")
A20: Jul | E20: Total | I20: =SUM(I8:I19) | J20: =SUM(J8:J19) | K20: =SUM(K8:K19) | L20: =SUM(L8:L19) | M20: =IFERROR(L20/I20,"")
A21: Ago
A22: Set
A23: Out | F23: kWh
A24: Nov | E24: Geração M. | F24: ='UC GERADORA'!E18 | G24: (Geradora/as)
A25: Dez | E25: Consumo M. Real | G25: (Geradora/as + Beneficiarias) | J25: S
E26: Necessidade (Ampliação)

Sheet UC GERADORA
A2: UNIDADE GERADORA - | K2: ='RESUMO '!F7
A3: Mês de Ref. | B3: Período de leitura | D3: Geração | H3: Créditos
B4: Leitura Anterior | C4: Leitura Atual | D4: Estimativa | E4: Real (Solar View) | F4: % | H4: Consumo médio | I4: Energia GERAÇÃO | J4: ENREGIA COMPENSADA | K4: ENERGIA ATIVA | L4: Consumo Real | M4: % | N4: VALOR FATURA | O4: Mensal (Crédito) | P4: Conferência (Crédito da Fatura) (Olho em saldo na fatura GERADORA, o valor tem que bater com o "Mensal (coluna do lado)" se não tem alguma coisa errada na Equatorial ou na planilha, caso seja na Equatorial, tenho que ligar lá) | Q4: . | R4: LEITURA DO MEDIDOR
A5: Jan | B5: 19/12/2024 | C5: 18/01/2025 | D5: ='RESUMO '!B14 | F5: =IFERROR(E5/D5-1,"") | H5: ='RESUMO '!I7 | I5: 226 | J5: 436 | K5: 211 | L5: =(K5+(E5-I5)) | M5: =IFERROR(L5/$H$5,"") | N5: 27.39 | O5: 181 | P5: 0 | R5: 12378019-5 | S5: 16289 | T5: 16500
A6: Fev | B6: 18/01/2025 | C6: 17/02/2025 | D6: ='RESUMO '!B15 | F6: =IFERROR(E6/D6-1,"") | I6: 273 | K6: 190 | L6: =(K6+(E6-I6)) | M6: =IFERROR(L6/$H$5,"") | N6: 34.19 | O6: 160 | R6: 12378019-5 | S6: 16500 | T6: 16690
A7: Mar | B7: 17/02/2025 | C7: 19/03/2025 | D7: ='RESUMO '!B16 | F7: =IFERROR(E7/D7-1,"") | I7: 204 | K7: 312 | L7: =(K7+(E7-I7)) | M7: =IFERROR(L7/$H$5,"") | N7: 52.61 | O7: 282 | R7: 12378019-5 | S7: 16690 | T7: 17002
A8: Abr | B8: 19/03/2025 | C8: 16/04/2025 | D8: ='RESUMO '!B17 | F8: =IFERROR(E8/D8-1,"") | I8: 155 | K8: 209 | L8: =(K8+(E8-I8)) | M8: =IFERROR(L8/$H$5,"") | N8: 44.52 | O8: 179 | R8: 12378019-5 | S8: 17002 | T8: 17211
A9: Mai | B9: 16/04/2025 | C9: 15/05/2025 | D9: ='RESUMO '!B18 | F9: =IFERROR(E9/D9-1,"") | I9: 159 | K9: 194 | L9: =(K9+(E9-I9)) | M9: =IFERROR(L9/$H$5,"") | N9: 44.77 | O9: 164 | R9: 12378019-5 | S9: 17211 | T9: 17405
A10: Jun | B10: 15/05/2025 | C10: 16/06/2025 | D10: ='RESUMO '!B19 | F10: =IFERROR(E10/D10-1,"") | I10: 154 | K10: 211 | L10: =(K10+(E10-I10)) | M10: =IFERROR(L10/$H$5,"") | N10: 48.03 | O10: 181 | R10: 12378019-5 | S10: 17405 | T10: 17616
A11: Jul | B11: 16/06/2025 | C11: 18/07/2025 | D11: ='RESUMO '!B20 | F11: =IFERROR(E11/D11-1,"") | I11: 252 | K11: 149 | L11: =(K11+(E11-I11)) | M11: =IFERROR(L11/$H$5,"") | N11: 42.91 | O11: 119 | R11: 12378019-5 | S11: 17616 | T11: 17765
A12: Ago | B12: 18/07/2025 | C12: 18/08/2025 | D12: ='RESUMO '!B21 | F12: =IFERROR(E12/D12-1,"") | I12: 147 | K12: 398 | L12: =(K12+(E12-I12)) | M12: =IFERROR(L12/$H$5,"") | N12: 46.33 | O12: 368 | R12: 12378019-5 | S12: 17765 | T12: 18163
A13: Set | B13: 18/08/2025 | C13: 16/09/2025 | D13: ='RESUMO '!B22 | F13: =IFERROR(E13/D13-1,"") | I13: 83 | K13: 541 | L13: =(K13+(E13-I13)) | M13: =IFERROR(L13/$H$5,"") | N13: 76.59 | O13: 511 | R13: 12378019-5 | S13: 18163 | T13: 18704
A14: Out | B14: 16/09/2025 | C14: 16/10/2025 | D14: ='RESUMO '!B23 | F14: =IFERROR(E14/D14-1,"") | I14: 88 | K14: 648 | L14: =(K14+(E14-I14)) | M14: =IFERROR(L14/$H$5,"") | N14: 85.04 | O14: 618 | R14: 12378019-5 | S14: 18704 | T14: 19352
A15: Nov | B15: 16/10/2025 | C15: 18/11/2025 | D15: ='RESUMO '!B24 | F15: =IFERROR(E15/D15-1,"") | I15: 112 | K15: 618 | L15: =(K15+(E15-I15)) | M15: =IFERROR(L15/$H$5,"") | N15: 248.92 | O15: 463 | R15: 12378019-5 | S15: 19352 | T15: 19970
A16: Dez | B16: 18/11/2025 | C16: 18/12/2025 | D16: ='RESUMO '!B25 | F16: =IFERROR(E16/D16-1,"") | I16: 132 | J16: 0 | K16: 513 | L16: =(K16+(E16-I16)) | M16: =IFERROR(L16/$H$5,"") | N16: 511.7 | O16: 132 | P16: 0 | R16: 12378019-5 | S16: 19970 | T16: 20483
A17: ∑ | B17: TOTAL | D17: =SUM(D5:D16) | E17: =SUM(E5:E16) | F17: =IFERROR(E17/D17-1,"") | H17: =H5*12 | I17: =IFERROR(AVERAGE(I5:I16),"") | J17: =IFERROR(AVERAGE(J5:J16),"") | K17: =IFERROR(AVERAGE(K5:K16),"") | L17: =SUM(L5:L16) | M17: =IFERROR(L17/$H$5,"") | N17: =SUM(N5:N16) | O17: =SUM(O5:O16) | P17: =SUM(P5:P16)
D18: Média = | E18: =AVERAGE(E5:E16)
A19: LEGENDA | H19: Obs:. Para Calcular a média de consumo real utilize a forumula -> | L19: =AVERAGEIF(L5:L16, "<>0")
A20: AMARELO | B20: PREENCHER
A21: CINZA | B21: AUTOMÁTICO
A22: LARANJA | B22: COBRAR

Sheet UC BENEF. 1
A2: UNIDADE CONSUMIDORA - | J2: ='RESUMO '!F8
A3: Mês de Ref. | B3: Período de leitura | E3: COMPENSAÇÃO DE ENERGIA | M3: Créditos | S3: LEITURA DO MEDIDOR
B4: Leitura Anterior | C4: Leitura Atual | E4: Consumo médio (O consumo médio que foi feito no dia do rateio) | F4: E. Fornecida (CONSUMO) (Consumo do cliente, se for grupo "A" soma o FP, HR e P em Energia Ativa Fornecida, em descrição do faturamento) | G4: % | H4: E. Injetada (COMPENSADA) (Energia injetada do cliente, se for grupo "A" soma o FP, HR e P em Energia Injetada, em descrição do faturamento) | I4: % | J4: VALOR FATURA | K4: BALANÇO | M4: % Rateio | N4: Crédito a ser recebido | O4: Compensado | P4: Acumulado | Q4: Conferência | R4: . | S4: NÚMERO DO MEDIDOR | T4: LEITURA ANTERIOR | U4: LEITURA ATUAL
A5: Jan | E5: ='RESUMO '!I8 | G5: =IFERROR(F5/$E$5,"") | I5: =IFERROR(H5/F5,"") | K5: =H5-F5 | M5: ='RESUMO '!$K$8 | N5: =M5*'UC GERADORA'!O5 | O5: =H5 | P5: =(N5-O5)
A6: Fev | G6: =IFERROR(F6/$E$5,"") | I6: =IFERROR(H6/F6,"") | K6: =H6-F6 | M6: ='RESUMO '!$K$8 | N6: =M6*'UC GERADORA'!O6 | O6: =H6 | P6: =IF(P5<=0,(N6-O6),P5+(N6-O6))
A7: Mar | G7: =IFERROR(F7/$E$5,"") | I7: =IFERROR(H7/F7,"") | K7: =H7-F7 | M7: ='RESUMO '!$K$8 | N7: =M7*'UC GERADORA'!O7 | O7: =H7 | P7: =IF(P6<=0,(N7-O7),P6+(N7-O7))
A8: Abr | G8: =IFERROR(F8/$E$5,"") | I8: =IFERROR(H8/F8,"") | K8: =H8-F8 | M8: ='RESUMO '!$K$8 | N8: =M8*'UC GERADORA'!O8 | O8: =H8 | P8: =IF(P7<=0,(N8-O8),P7+(N8-O8))
A9: Mai | G9: =IFERROR(F9/$E$5,"") | I9: =IFERROR(H9/F9,"") | K9: =H9-F9 | M9: ='RESUMO '!$K$8 | N9: =M9*'UC GERADORA'!O9 | O9: =H9 | P9: =IF(P8<=0,(N9-O9),P8+(N9-O9))
A10: Jun | G10: =IFERROR(F10/$E$5,"") | I10: =IFERROR(H10/F10,"") | K10: =H10-F10 | M10: ='RESUMO '!$K$8 | N10: =M10*'UC GERADORA'!O10 | O10: =H10 | P10: =IF(P9<=0,(N10-O10),P9+(N10-O10))
A11: Jul | G11: =IFERROR(F11/$E$5,"") | I11: =IFERROR(H11/F11,"") | K11: =H11-F11 | M11: ='RESUMO '!$K$8 | N11: =M11*'UC GERADORA'!O11 | O11: =H11 | P11: =IF(P10<=0,(N11-O11),P10+(N11-O11))
A12: Ago | G12: =IFERROR(F12/$E$5,"") | I12: =IFERROR(H12/F12,"") | K12: =H12-F12 | M12: ='RESUMO '!$K$8 | N12: =M12*'UC GERADORA'!O12 | O12: =H12 | P12: =IF(P11<=0,(N12-O12),P11+(N12-O12))
A13: Set | G13: =IFERROR(F13/$E$5,"") | I13: =IFERROR(H13/F13,"") | K13: =H13-F13 | M13: ='RESUMO '!$K$8 | N13: =M13*'UC GERADORA'!O13 | O13: =H13 | P13: =IF(P12<=0,(N13-O13),P12+(N13-O13))
A14: Out | G14: =IFERROR(F14/$E$5,"") | I14: =IFERROR(H14/F14,"") | K14: =H14-F14 | M14: ='RESUMO '!$K$8 | N14: =M14*'UC GERADORA'!O14 | O14: =H14 | P14: =IF(P13<=0,(N14-O14),P13+(N14-O14))
A15: Nov | G15: =IFERROR(F15/$E$5,"") | I15: =IFERROR(H15/F15,"") | K15: =H15-F15 | M15: ='RESUMO '!$K$8 | N15: =M15*'UC GERADORA'!O15 | O15: =H15 | P15: =IF(P14<=0,(N15-O15),P14+(N15-O15))
A16: Dez | G16: =IFERROR(F16/$E$5,"") | I16: =IFERROR(H16/F16,"") | K16: =H16-F16 | M16: ='RESUMO '!$K$8 | N16: =M16*'UC GERADORA'!O16 | O16: =H16 | P16: =IF(P15<=0,(N16-O16),P15+(N16-O16))
E17: =E5*12 | F17: =IFERROR(AVERAGE(F5:F16),"") | G17: =IFERROR(F17/$E$5,"") | H17: =SUM(H5:H16) | I17: =IFERROR(H17/F17,"") | J17: =SUM(J5:J16) | K17: =SUM(K5:K16) | M17: =AVERAGE(M5:M16) | N17: =SUM(N5:N16) | O17: =SUM(O5:O16) | Q17: =SUM(Q5:Q16)
A18: LEGENDA
A19: AMARELO | B19: PREENCHER
A20: CINZA | B20: AUTOMÁTICO
A21: LARANJA | B21: COBRAR - AUTOMÁTICO
